1,2,3,4,5,6,7
JT25_RS10875_SF,17.6325,9.7,12.91,9.686,10.705,14.252
JT25_RS12760_SF,193.0575,178.254,255.474,103.686,66.2225,48.538
JT25_RS13005_SF,347.38,268.278,223.89,243.068,157.6725,373.146
JT25_RS18750_SF,222.6225,412.832,471.798,294.328,349.09,3457.908
JT25_RS19490_SF,283.955,445.95,703.544,645.916,852.945,2460.174
JT25_RS00065,19.095,30.388,36.48,37.22,68.53,57.776
JT25_RS00070,202.1725,353.768,662.632,728.676,534.905,378.488
JT25_RS00075,27.25,38.046,44.584,41.034,46.87,27.806
JT25_RS00080,248.4875,231.162,166.256,125.53,75.52,48.042
JT25_RS00085,79.3075,87.528,84.186,87.162,83.64,34.166
JT25_RS00090,53.7375,42.978,56.622,47.164,46.435,97.728
JT25_RS00095,162.3225,164.534,148.54,129.676,63.655,41.404
JT25_RS00100,94.345,71.914,85.298,65.748,34.0475,41.658
JT25_RS00105,107.4975,91.96,120.596,96.434,60.24,98.318
JT25_RS00110,84.8425,70.876,73.152,68.128,43.2825,48.186
JT25_RS00115,57.865,43.148,43.474,32.76,23.9825,28.306
JT25_RS00120,39.7625,50.366,29.28,31.172,21.715,42.908
JT25_RS00125,56.505,66.08,47.056,47.782,22.88,66.788
JT25_RS00130,45.73,45.552,38.418,33.6,28.565,146.884
JT25_RS00135,16.96,17.646,40.052,33.484,48.94,25.072
JT25_RS00140,30.89,17.44,12.996,8.266,24.9525,10.246
JT25_RS00145,73.9,52.874,51.388,32.174,23.1475,38.764
JT25_RS00150,138.705,103.416,104.942,63.494,43.5025,86.678
JT25_RS00155,95.6625,90.472,76.402,75.688,78.98,59.6
JT25_RS00160,95.9575,81.22,66.87,69.674,57.535,64.136
JT25_RS00165,13.13,16.37,17.3,11.89,19.115,5.128
JT25_RS00170,26.465,25.068,36.616,30.072,40.6275,52.45
JT25_RS00175,18.4,16.728,21.32,18.488,22.4775,17.016
JT25_RS00180,23.035,23.334,21.296,21.896,28.2025,25.022
JT25_RS00185,5.545,5.03,6.152,8.05,214.71,10.638
JT25_RS00195,2.19,1.928,1.25,1.574,6.7225,0.998
JT25_RS00200,2.3925,2.4,3.094,3.028,11.4875,0.586
JT25_RS03700,19.5225,14.312,16.18,12.654,125.975,4.38
JT25_RS03705,26.7625,22.834,24.48,16.074,17.5925,11.06
JT25_RS03710,36.3025,31.45,32.526,26.876,24.785,21.058
JT25_RS03715,25.0175,26.482,23.896,19.484,20.5925,15.646
JT25_RS03720,27.265,21.344,21.304,15.078,43.445,6.092
JT25_RS03725,6.57,5.062,5.13,3.988,11.7675,2.162
JT25_RS03730,3.005,1.826,2.092,1.748,3.58,1.104
JT25_RS03740,26.5675,31.12,52.38,62.736,72.04,121.846
JT25_RS03745,30.4025,62.988,109.274,148.994,194.21,902.244
JT25_RS03750,283.1175,406.116,410.52,344.022,214.195,199.98
JT25_RS03755,188.31,272.162,224.124,233.112,110.25,79.756
JT25_RS03760,190.095,286.592,229.208,227.524,118.1275,111.49
JT25_RS03765,91.4975,112.376,88.158,92.464,56.615,44.568
JT25_RS03770,45.0675,52.948,61.67,58.868,47.7625,33.356
JT25_RS03775,55.23,72.76,78.412,93.512,68.515,74.808
JT25_RS03780,35.1975,58.554,61.852,65.118,63.825,42.702
JT25_RS03785,36.29,43.16,49.228,49.7,57.4425,34.374
JT25_RS03790,27.135,39.18,36.836,25.326,31.145,27.302
JT25_RS03800,18.9975,20.492,24.888,22.826,45.775,22.972
JT25_RS03805,84.9825,125.106,146.274,188.946,196.725,130.072
JT25_RS03810,87.3125,108.062,94.228,155.252,129.615,78.606
JT25_RS03815,49.4775,55.422,71.4,65.706,76.4875,181.354
JT25_RS03825,150.755,392.868,605.606,868.558,888.8,549.918
JT25_RS03830,10.8475,8.258,11.37,9.002,12.76,8.658
JT25_RS03835,23.345,17.732,24.552,18.744,28.735,27.604
JT25_RS03845,16.52,11.682,17.11,11.842,34.3075,7.118
JT25_RS03850,7.855,8.33,10.742,8.29,21.4625,8.078
JT25_RS03855,10.455,9.632,11.83,8.07,30.4325,12.616
JT25_RS03860,13.9425,13.26,15.346,14.914,22.2625,10.144
JT25_RS03865,4.395,5.406,5.78,5.22,37.7875,4.752
JT25_RS03870,3.7275,2.922,4.95,4.976,15.955,7.688
JT25_RS03875,6.405,10.924,8.428,10.882,39.0425,21.318
JT25_RS03880,17.9325,21.242,23.098,26.784,32.0225,55.932
JT25_RS03885,47.98,57.316,86.476,50.996,88.56,155.29
JT25_RS03890,108.1,136.414,129.144,127.084,82.78,57.088
JT25_RS03895,174.7125,176.798,154.884,138.606,84.4375,86.4
JT25_RS03900,150.2925,161.408,134.41,120.794,72.1275,47.59
JT25_RS03905,178.9575,186.74,127.108,118.046,82.6775,130.014
JT25_RS03910,181.95,205.146,151.494,132.554,141.4075,100.23
JT25_RS03915,118.815,125.562,117.524,113.668,91.6225,497.782
JT25_RS03925,19.035,14.584,16.752,13.488,9.485,10.558
JT25_RS03930,17.56,16.37,15.524,12.474,22.335,13.342
JT25_RS03935,52.765,54.15,41.096,55.946,31.465,39.142
JT25_RS03940,752.62,1121.924,1572.728,1751.622,1522.9175,817.826
JT25_RS08450,20.56,26.618,27.962,25.476,25.8075,37.508
JT25_RS08455,73.7375,70.536,67.268,63.27,40.98,28.918
JT25_RS08460,81.3175,81.628,121.734,96.524,87.2175,50.68
JT25_RS08470,27.57,29.26,39.728,35.734,31.7825,166.704
JT25_RS08475,32.4825,33.214,26.102,28.658,26.7775,15.222
JT25_RS08480,30.8525,24.606,36.582,24.236,22.9725,35.032
JT25_RS08485,38.67,54.412,41.782,55.564,30.765,81.066
JT25_RS08490,36.7975,39.41,37.692,40.988,26.425,57.342
JT25_RS08495,59.14,71.486,71.936,69.854,40.4025,47.874
JT25_RS08500,82.0175,57.978,43.532,42.206,31.47,38.126
JT25_RS08505,96.915,67.602,42.914,47.48,72.7625,53.11
JT25_RS08510,76.3925,59.86,43.738,36.91,26.095,86.352
JT25_RS08515,221.1025,161.876,83.128,76.528,48.5375,376.532
JT25_RS08520,1278.445,813.824,431.706,366.976,349.2675,175.556
JT25_RS08525,87.79,84.112,69.824,52.738,55.4525,38.582
JT25_RS08530,43.4575,32.78,32.408,29.014,30.705,37.92
JT25_RS08535,4.5325,4.39,6.376,6.014,13.8775,5.644
JT25_RS08540,1.0225,0.176,1.094,0.128,5.63,0.352
JT25_RS08545,79.01,111.042,150.16,89.826,87.4,109.896
JT25_RS08550,191.045,198.448,211.738,199.054,122.725,96.678
JT25_RS08560,23.6675,18.486,18.848,14.182,43.535,8.6
JT25_RS08570,86.2475,88.848,82.104,65.606,41.3525,53.908
JT25_RS08575,37.8125,36.692,36.588,30.624,32.425,30.056
JT25_RS08580,26.4775,21.428,21.272,17.596,19.27,16.84
JT25_RS08585,13.17,7.204,7.526,6.336,4.805,3.498
JT25_RS08590,19.635,9.746,14.026,7.652,13.095,6.482
JT25_RS08595,21.6775,14.024,16.79,9.208,11.3475,7.806
JT25_RS08600,26.975,21.698,27.912,17.066,11.1425,15.722
JT25_RS08605,870.0975,1034.73,791.776,652.022,602.4775,1143.76
JT25_RS08610,412.0775,602.434,845.858,552.628,860.71,1886.694
JT25_RS08615,48.8375,52.18,52.216,45.556,50.7525,33.022
JT25_RS08620,82.4725,56.04,56.482,34.954,50.3875,47.016
JT25_RS08625,181.35,171.598,186.832,127.368,118.2375,114.946
JT25_RS08630,144.2025,117.426,106.238,88.88,87.31,86.024
JT25_RS08635,64.845,39.506,39.236,28.88,22.1125,19.396
JT25_RS08640,75.525,82.336,75.924,53.152,41.8375,33.776
JT25_RS08645,71.49,67.35,64.018,35.726,31.625,25.856
JT25_RS08650,113.7425,103.818,111.272,52.042,38.2025,38.696
JT25_RS08655,524.7625,664.312,847.176,272.728,190.0675,67.962
JT25_RS08665,230.7925,306.816,427.562,126.966,89.2725,61.73
JT25_RS08670,227.575,296.726,401.358,121.776,116.9625,59.646
JT25_RS08675,264.8875,390.26,731.44,194.16,4751.825,146.418
JT25_RS08680,113.365,156.758,269.588,65.268,82.8675,92.622
JT25_RS08685,43.955,25.424,33.22,22.744,125.12,15.696
JT25_RS08690,72.385,59.3,57.808,44.41,35.3175,26.402
JT25_RS08695,133.075,100.234,93.596,79.096,58.085,61.906
JT25_RS08700,182.5475,180.292,139.642,147.362,116.94,115.122
JT25_RS08705,91.0675,92.646,86.502,80.4,78.7175,77.344
JT25_RS08710,30.0375,32.752,40.368,39.988,47.155,58.378
JT25_RS08715,255.8475,785.366,1360.424,2338.906,2776.96,5819.902
JT25_RS08720,28.1625,26.072,29.168,28.052,30.07,14.794
JT25_RS08725,57.1375,43.622,65.76,41.008,71.155,51.83
JT25_RS08730,83.265,74.252,89.384,72.138,73.5025,47.154
JT25_RS08735,17013.0475,37745.15,45057.154,53009.078,42391.615,48746.714
JT25_RS08740,135.7725,94.854,93.106,105.928,50.2225,145.598
JT25_RS08745,453.5125,400.718,528.182,325.716,323.6175,231.074
JT25_RS08750,165.5175,170.48,133.73,144.798,98.0925,112.812
JT25_RS08755,47.4325,88.974,95.632,111.696,111.12,235.02
JT25_RS08760,280.92,316.384,331.546,331.646,287.89,355.282
JT25_RS08765,55.36,44.268,42.598,35.172,37.79,45.644
JT25_RS08770,198.4775,129.194,132.228,110.426,116.4575,79.266
JT25_RS08775,60.85,55.832,64.532,36.004,36.785,15.75
JT25_RS08780,77.015,86.316,74.49,62.472,46.68,42.046
JT25_RS08785,292.4925,337.776,353.536,302.42,283.2925,470.35
JT25_RS08790,162.2275,151.034,157.102,145.06,130.735,121.258
JT25_RS08795,39.685,53.652,49.114,54.756,44.13,53.708
JT25_RS08800,34.92,25.006,26.274,20.036,37.3925,12.772
JT25_RS08805,67.0875,85.922,101.036,94.396,125.335,119.738
JT25_RS08810,20.605,17.392,22.618,12.206,13.515,5.762
JT25_RS08815,19.9925,15.28,24.832,13.928,18.6175,7.064
JT25_RS08820,44.02,35.168,40.014,27.036,60.7375,26.872
JT25_RS08825,48.0825,37.182,63.988,44.766,54.935,37.964
JT25_RS08830,225.8475,122.572,168.708,104.194,132.24,80.758
JT25_RS08835,290.515,175.048,216.148,130.472,147.3825,64.896
JT25_RS08840,181.47,133.248,153.492,123.498,142.1525,158.66
JT25_RS08845,439.9475,367.896,441.524,401.708,204.13,290.17
JT25_RS08850,158.3475,198.15,200.056,160.52,142.16,118.358
JT25_RS08855,102.3975,93.78,134.926,116.546,160.0025,125.326
JT25_RS08860,11.595,6.516,9.412,6.092,24.3225,5.06
JT25_RS08865,11.175,9.32,13.81,9.914,54.0275,20.928
JT25_RS08870,16.7,20.288,18.57,16.664,38.66,29.81
JT25_RS08875,19.925,25.636,28.964,22.576,30.5125,34.96
JT25_RS08880,13.6325,9.142,15.74,13.728,28.1675,14.622
JT25_RS08885,26.0575,30.424,25.166,23.242,23.8325,18.012
JT25_RS08890,52.99,56.422,86.364,74.16,96.695,213.668
JT25_RS08905,5.975,4.878,5.15,3.792,25.905,2.568
JT25_RS08910,7.7125,7.5,7.21,4.374,5.065,3.408
JT25_RS08915,11.845,9.562,8.89,7.146,23.185,2.476
JT25_RS08920,18.4125,16.758,19.446,16.408,21.2275,20.286
JT25_RS08925,15.945,8.816,12.128,9.268,10.5425,10.23
JT25_RS08930,17.3825,16.708,16.94,16.666,14.265,14.866
JT25_RS08945,10.82,9.142,13.484,10.872,12.1125,17.666
JT25_RS14560,76.3975,74.396,87.456,73.446,93.3525,17.066
JT25_RS14565,63.2475,67.354,59.414,43.848,71.97,21.306
JT25_RS14570,37.71,43.588,45.18,30.51,24.915,14.768
JT25_RS14575,5.5375,8.09,10.472,20.536,17.7825,16.724
JT25_RS14580,68.4725,61.91,88.578,69.26,46.995,49.182
JT25_RS14585,29.07,26.428,26.084,16.256,20.3925,16.618
JT25_RS14590,43.0675,26.39,24.048,13.884,26.4275,11.67
JT25_RS14595,57.5075,52.402,47.396,29.766,47.89,17.142
JT25_RS14600,69.68,69.634,61.692,51.998,58.6575,52.996
JT25_RS14605,267.73,237.152,339.416,243.28,180.2025,274.762
JT25_RS14610,301.8225,271.176,308.234,224.402,163.4125,180.53
JT25_RS14615,450.3775,426.366,516.942,385.038,293.415,185.702
JT25_RS14625,607.9625,512.74,555.638,506.562,259.4975,402.396
JT25_RS14630,1846.865,1346.92,1147.78,1005.214,433.56,787.292
JT25_RS14635,265.58,170.244,196.406,175.37,63.665,149.802
JT25_RS14655,1400.985,1259.54,1218.842,1298.106,780.0725,1225.92
JT25_RS14665,1722.75,1880.904,1163.524,1722.124,655.175,693.194
JT25_RS14670,996.4,883.386,772.916,946.25,414.3975,471.11
JT25_RS14675,683.8625,372.214,442.092,270.236,169.185,147.714
JT25_RS14680,721.44,444.836,444.308,396.068,198.895,206.612
JT25_RS14685,1491.485,503.506,428.408,371.98,196.1525,284.898
JT25_RS14690,1466.9225,740.448,607.77,524.39,279.865,177.142
JT25_RS14695,417.3575,234.994,162.988,132.7,53.9775,73.758
JT25_RS14700,598.3425,262.292,217.548,148.504,78.475,71.768
JT25_RS14705,1100.8025,816.604,756.886,671.022,404.8475,460.708
JT25_RS14710,1021.6525,848.206,900.304,899.552,517.045,642.836
JT25_RS14715,1493.0275,1009.988,1127.372,904.868,589.05,643.826
JT25_RS14720,1190.19,1062.46,994.8,1035.698,620.9875,1034.226
JT25_RS14725,6714.325,4661.338,3335.3,3739.71,1696.3425,1472.196
JT25_RS14730,1901.8425,970.848,923.112,764.36,466.825,414.548
JT25_RS14735,714.675,562.988,418.592,455.068,243.87,237.28
JT25_RS14740,944.94,918.214,537.766,643.41,308.2625,283.286
JT25_RS14745,1535.67,936.87,823.252,715.952,449.6725,279.156
JT25_RS14750,1123.36,805.768,761.814,555.462,324.885,247.804
JT25_RS14755,925.265,647.972,567.72,452.88,301.6075,188.45
JT25_RS14760,2182.1975,1549.55,1685.896,1495.356,1265.21,743.65
JT25_RS14765,3314.48,2617.51,2280.21,2197.838,1549.81,997.524
JT25_RS14770,2901.5825,2325.712,2219.826,2407.566,1755.47,965.136
JT25_RS14775,1653.0375,1074.24,912.054,951.158,601.145,278.37
JT25_RS14780,3742.625,1790.528,1801.426,1642.446,882.185,425.014
JT25_RS14785,2561.2925,1292.026,1355.274,1300.798,716.4725,308.222
JT25_RS14790,1068.8125,935.262,683.754,889.986,382.3975,159.266
JT25_RS14795,582.7475,416.156,375.092,337.942,214.42,123.192
JT25_RS14800,2177.455,1182.42,1248.142,984.898,532.105,299.86
JT25_RS14805,676.85,597.334,651.128,453.696,288.635,118.42
JT25_RS14810,3653.2725,2516.808,2775.732,1582.22,1086.2125,524.206
JT25_RS14815,2419.7175,1753.578,1564.822,1307.416,640.375,300.354
JT25_RS14820,1051.8725,815.702,584.862,536.97,238.555,112.43
JT25_RS14825,7170.22,3551.536,3045.182,2336.516,1186.585,632.274
JT25_RS14830,1706.95,1125.57,886.638,739.272,365.135,354.252
JT25_RS14835,3402.0975,1899.34,1448.5,1201.704,494.84,560.468
JT25_RS14840,3851.0425,2051.158,1392.374,1339.68,519.64,545.638
JT25_RS14845,1427.58,1001.404,693.534,661.056,286.95,425.31
JT25_RS14850,93.2725,37.562,37.248,23.064,37.4325,10.09
JT25_RS14855,116.95,109.828,101.568,79.976,74.0925,26.972
JT25_RS14860,61.505,51.522,51.208,33.226,35.2825,18.854
JT25_RS14865,104.42,91.836,132.626,89.008,102.025,73.096
JT25_RS14870,155.065,130.506,194.198,144.624,113.62,98.632
JT25_RS14875,152.06,149.782,141.004,133.112,109.805,113.168
JT25_RS14880,48.3675,31.974,37.322,22.076,113.5825,23.426
JT25_RS14885,349.695,193.1,289.546,76.282,206.5425,65.668
JT25_RS14890,179.4875,116.1,143.406,40.608,22.1325,26.456
JT25_RS14895,220.785,124.956,150.388,45.948,166.405,26.542
JT25_RS14900,219.985,164.984,164.36,56.81,44.7875,30.412
JT25_RS14905,174.7325,133.306,164.104,53.736,35.6475,21.042
JT25_RS14910,98.2225,85.362,80.854,31.632,21.1825,11.804
JT25_RS14915,182.5225,165.274,151.366,62.506,33.365,31.366
JT25_RS14920,127.095,119.216,98.188,40.636,26.82,13.346
JT25_RS14925,300.04,189.8,155.018,77.42,33.2725,21.714
JT25_RS14930,192.0525,151.292,111.81,59.98,67.865,22.308
JT25_RS14935,262.87,221.922,163.784,94.998,41.2975,39.712
JT25_RS14940,175.2375,139.796,89.758,54.168,26.815,15.77
JT25_RS14945,124.65,98.582,75.966,36.426,42.2275,14.91
JT25_RS14950,41.3175,30.972,23.854,13.136,10.53,7.656
JT25_RS14955,63.3925,47.738,45.66,23.62,24.15,21.458
JT25_RS14960,117.27,92.54,68.57,46.37,35.7325,42.604
JT25_RS14965,85.39,65.214,63.562,41.108,39.8025,50.026
JT25_RS14970,27.0725,26.296,32.82,17.916,19.5725,11.708
JT25_RS14975,28.5975,29.694,30.96,19.636,30.5675,10.422
JT25_RS14980,26.47,25.166,24.806,16.32,14.4975,9.268
JT25_RS14985,20.305,23.17,23.196,14.274,20.5225,6.794
JT25_RS14990,68.2875,52.244,93.94,21.68,40.7,14.826
JT25_RS14995,215.0525,106.62,124.072,39.34,15.9225,18.84
JT25_RS15000,3065.3275,3783.918,3148.312,1359.872,739.3025,4001.816
JT25_RS15005,2161.62,1884.43,1751.154,1092.296,631.6575,2382.842
JT25_RS15010,728.0375,910.176,757.722,557.092,319.5775,1030.592
JT25_RS15015,733.7375,831.464,883.348,496.688,322.93,973.37
JT25_RS15020,278.18,309.18,269.678,204.608,117.4425,335.056
JT25_RS15025,1913.4425,1339.468,1497.14,390.748,102.3175,134.428
JT25_RS15030,645.5425,308.87,458.16,119.786,62.835,56.362
JT25_RS15035,131.76,109.266,106.336,69.204,98.61,71.26
JT25_RS15040,411.6075,349.326,372.196,322.932,203.4075,285.076
JT25_RS15045,975.345,1099.704,842.88,919.404,429.6225,447.776
JT25_RS15050,722.63,680.104,644.12,588.766,324.24,306.764
JT25_RS15055,777.8525,588.26,525.032,355.436,456.7375,182.544
JT25_RS15060,1957,1533.94,1199.536,840.092,358.5525,411.198
JT25_RS15065,75.0825,46.542,48.93,38.256,50.15,18.996
JT25_RS15070,68.07,51.302,49.516,39.136,26.2275,37.036
JT25_RS15075,45.23,44.652,41.126,31.522,75.535,31.054
JT25_RS15080,205.0625,284.482,209.8,121.554,84.75,97.638
JT25_RS15085,32.125,30.768,27.764,15.434,11.1425,7.508
JT25_RS15090,11.8975,15.116,11.77,6.976,6.5275,2.306
JT25_RS15095,15.3,10.75,15.21,11.644,8.94,7.866
JT25_RS15100,85.9275,66.042,79.018,64.974,105.39,67.64
JT25_RS15105,55.91,42.932,53.928,42.778,61.93,114.352
JT25_RS15110,52.1,59.458,68.692,52.732,79.9425,121.07
JT25_RS15115,498.065,390.202,803.922,565.976,721.3975,1133.138
JT25_RS15120,19.5525,15.044,20.114,13.884,21.83,6.694
JT25_RS15125,13.24,9.448,15.44,12.026,15.2625,9.796
JT25_RS15130,2.3475,3.578,6.378,4.926,17.61,7.676
JT25_RS15135,2.3875,1.764,2.008,2.03,9.285,2.898
JT25_RS15140,6.975,8.376,8.824,5.866,28.8075,5.008
JT25_RS15145,11.185,15.394,16.406,4.8,20.255,29.352
JT25_RS15150,6.105,7.328,9.79,4.986,16.2575,36.084
JT25_RS15155,17.2575,13.386,19.844,14.694,18.8375,45.872
JT25_RS15165,12.3725,5.86,12.398,11.234,40.8225,45.038
JT25_RS15170,8.2775,6.256,11.86,12.954,40.0375,61.728
JT25_RS15175,6.145,4.53,7.408,9.666,19.45,31.456
JT25_RS15180,6.9,7.856,8.792,8.072,17.5,35.786
JT25_RS15185,2.79,2.972,3.244,4.664,41.07,10.824
JT25_RS15190,6.335,6.554,6.91,5.276,26.8675,7.608
JT25_RS15195,37.97,42.454,36.354,31.336,60.715,12.812
JT25_RS15200,37.01,42.172,29.274,30.886,48.4375,30.172
JT25_RS15205,1.4775,1.888,1.982,1.992,5.865,4.676
JT25_RS15210,2.615,2.242,3.048,1.834,21.0525,6.358
JT25_RS15215,1.28,1.088,2.13,1.512,5.7925,4.752
JT25_RS15220,1.9425,1.798,3.542,2.83,6.855,2.856
JT25_RS15225,2.6725,1.522,2.914,2.22,7.4275,3.178
JT25_RS15230,1.2425,1.624,2.108,2.07,18.33,3.136
JT25_RS15235,2.3775,1.716,3.312,2.342,4.525,4.798
JT25_RS15240,5.1925,4.236,5.076,3.754,30.1775,6.294
JT25_RS15245,6.06,5.328,8.254,4.292,12.3125,10.01
JT25_RS15250,16.1525,18.438,14.738,10.856,15.1275,18.294
JT25_RS15255,64.29,79.848,91.758,99.708,70.8025,64.388
JT25_RS15260,32.31,36.728,43.732,34.53,72.5025,46.35
JT25_RS15265,68.7,60.072,81.492,55.314,220.85,90.506
JT25_RS15275,125.6825,130.718,124.266,100.948,200.8375,29.676
JT25_RS15285,40.8575,45.778,60.2,45.658,57.5175,42.65
JT25_RS15290,29.4225,25.156,22.348,16.634,38.01,9.17
JT25_RS15295,72.33,82.128,92.42,88.646,94.755,108.126
JT25_RS15300,37.9675,47.266,50.102,43.868,31.37,29.05
JT25_RS15305,57.4975,46.092,57.478,34.924,42.7575,27.242
JT25_RS15325,282.86,229.466,318.662,252.688,292.015,291.354
JT25_RS15330,19.4825,17.454,26.988,17.94,20.995,35.934
JT25_RS15335,10.2475,10.754,19.922,13.82,25.1125,23.116
JT25_RS15340,19.2775,22.14,31.676,20.672,20.7775,16.478
JT25_RS15345,25.905,19.238,17.294,10.692,102.3225,3.152
JT25_RS15350,93.9975,73.896,66.104,40.74,39.5075,18.734
JT25_RS15355,33.9475,41.018,44.556,38.058,43.9375,14.732
JT25_RS15360,54.36,109.556,109.812,115.11,163.3575,80.36
JT25_RS15365,20.6,18.996,21.144,16.486,19.86,13.832
JT25_RS15370,17.4175,18.634,26.262,15.018,27.2825,14.844
JT25_RS15375,31.9125,25.948,29.734,24.038,18.2025,29.826
JT25_RS15380,40.3725,36.956,27.096,26.172,19.85,17.82
JT25_RS15385,3200.5475,2981.002,2593.806,2807.096,1944.915,887.734
JT25_RS15390,309.6,210.476,186.606,173.472,100.6375,140.514
JT25_RS15395,212.3925,122.002,107.39,90.758,37.74,59.75
JT25_RS15400,84.76,55.15,52.902,35.34,50.4325,31.586
JT25_RS15405,48.845,25.09,32.004,17.836,14.9925,7.694
JT25_RS15410,81.31,48.424,44.89,27.692,36.6475,20.516
JT25_RS15415,92.3425,76.694,78.81,62.074,83.0675,129.312
JT25_RS15420,94.4575,63.528,47.384,43.424,150.9325,25.256
JT25_RS15425,51.0375,40.662,31.418,19.548,13.765,37.004
JT25_RS15430,27.84,25.366,32.828,21.284,25.635,45.45
JT25_RS15435,44.53,31.496,39.376,22.402,25.6875,24.224
JT25_RS15440,67.7775,40.208,37.126,19.852,44.385,19.932
JT25_RS15445,45.815,23.708,16.18,11.914,16.2825,5.264
JT25_RS15450,30.4175,12.964,7.258,9.06,4.705,2.094
JT25_RS15455,139.135,51.046,46.434,22.062,26.2725,8.372
JT25_RS15460,70.6475,40.812,33.462,19.53,20.52,10.398
JT25_RS15465,58.995,41.394,35.74,20.952,19.63,19.962
JT25_RS15470,190.4625,93.992,78.56,46.354,40.955,94.836
JT25_RS15475,732.1325,348.964,334.724,217.492,147.825,298.006
JT25_RS15480,653.1925,408.776,288.486,260.538,167.1875,288.936
JT25_RS15485,1159.71,554.952,499.93,450.11,364.675,397.652
JT25_RS15490,69.04,52.938,44.822,35.51,25.2,30.89
JT25_RS15495,70.0975,41.212,36.49,22.036,24.69,24.748
JT25_RS15500,90.58,59.566,60.248,44.698,48.4375,75.51
JT25_RS15505,120.9675,60.95,65.89,47.636,55.04,44.762
JT25_RS15510,35.135,32.114,44.87,30.5,34.255,44.134
JT25_RS15515,56.655,34.86,22.248,17.86,41.3675,19.504
JT25_RS15520,38.2775,25.288,39.802,44.538,53.265,41.062
JT25_RS15525,61.8775,35.314,62.708,35.044,52.9425,50.548
JT25_RS15530,48.565,49.298,41.096,34.566,32.755,35.586
JT25_RS15535,19.365,16.826,14.564,13.966,35.89,11.268
JT25_RS15540,26.42,20,19.268,11.98,16.33,8.942
JT25_RS15545,87.99,79.998,78.76,76.358,50.83,44.11
JT25_RS15550,32.0375,17.556,20.44,16.81,24.1375,11.7
JT25_RS15555,32.5325,22.778,18.256,16.088,35.055,18.362
JT25_RS15560,38.0375,47.206,59.208,38.518,56.34,42.828
JT25_RS15565,35.985,42.876,59.066,44.77,53.3825,39.946
JT25_RS15570,28.205,20.688,27.84,13.386,35.66,16.6
JT25_RS15575,50.9175,23.58,29.926,17.778,26.275,9.648
JT25_RS15580,84.325,58.67,42.39,32.55,53.475,11.236
JT25_RS15585,251.73,151.724,176.026,111.114,117.375,69.95
JT25_RS15590,71.9075,66.066,66.31,65.344,76.0725,54.164
JT25_RS15595,12.3,8.582,8.578,8.19,8.9225,7.33
JT25_RS15600,26.505,21.816,20.25,14.884,26.3525,11.936
JT25_RS15605,180.035,98.34,149.612,107.648,97.89,75.738
JT25_RS15610,8.69,6.84,15.616,9.904,20.08,18.472
JT25_RS15615,15.8025,20.066,18.3,13.826,20.1375,26.002
JT25_RS15620,69.1725,76.602,79.776,93.748,128.5625,48.528
JT25_RS15625,327.2875,244.09,311.448,293.954,165.065,180.77
JT25_RS15630,72.495,68.114,95.538,69.756,78.5025,73.368
JT25_RS15635,57.97,54.006,56.338,47.596,55.5875,81.134
JT25_RS15640,46.5175,44.34,42.184,33.52,38.4925,32.36
JT25_RS15645,47.5025,49.46,67.43,52.882,43.165,46.438
JT25_RS15650,36.43,33.336,35.864,29.356,29.4325,19.02
JT25_RS15655,21.435,24.228,20.06,17.94,19.6175,13.206
JT25_RS15665,41.8475,45.662,43.068,61.078,36.4125,17.024
JT25_RS15670,61.77,46.31,71.508,71.312,54.8775,62.096
JT25_RS15675,7.2925,6.886,8.424,6.344,5.7775,14.87
JT25_RS15680,4.79,4.82,7.352,6.646,34.7175,11.458
JT25_RS15690,14.2875,16.056,18.696,17.35,15.375,10.06
JT25_RS15695,6.23,5.882,7.412,9.132,265.46,9.33
JT25_RS15700,68.8275,71.694,76.086,68.91,57.68,39.068
JT25_RS15705,32.285,42.972,51.764,43.552,43.3,60.404
JT25_RS15710,67.9525,140.14,167.112,217.8,257.05,1739.346
JT25_RS15715,11.3275,14.734,11.14,11.33,24.07,12.512
JT25_RS15720,51.285,102.784,107.32,108.29,94.8475,183.638
JT25_RS15725,20.18,23.876,28.59,28.53,44.95,21.89
JT25_RS15730,51.8975,65.596,84.452,74.17,92.18,213.064
JT25_RS15735,157.19,215.374,195.47,152.28,103.7125,94.57
JT25_RS15740,89.935,98.984,94.69,66.392,49.74,22.802
JT25_RS15745,51.6,43.566,52.99,48.884,46.0875,35.328
JT25_RS15750,23.0625,27.168,31.502,31.028,39.68,36.626
JT25_RS15755,77.035,66.044,64.086,48.854,41.045,48.124
JT25_RS15760,73.465,63.55,57.576,36.852,31.9125,25.784
JT25_RS15765,76.31,47.288,52.276,31.078,23.8675,23.658
JT25_RS15770,257.43,183.644,267.332,111.57,91.0275,637.686
JT25_RS15775,167.285,136.938,119.138,70.778,53.8975,148.002
JT25_RS15780,67.29,61.6,49.248,49.36,61.9175,42.032
JT25_RS15785,146.48,157.236,144.768,117.426,105.8475,68.686
JT25_RS15790,149.11,246.202,231.264,190.702,175.5925,422.386
JT25_RS15795,60.3525,86.946,195.522,169.088,196.6375,723.218
JT25_RS15800,34.18,40.202,36.978,31.466,21.18,30.106
JT25_RS15805,19.945,25.48,23.726,15.952,15.2,9.602
JT25_RS15810,34.6475,31.42,29.47,25.212,29.86,17.738
JT25_RS15815,11.7025,10.386,9.272,6.39,15.4025,7.174
JT25_RS15820,23.3275,12.862,14.284,10.29,10.63,9.848
JT25_RS15825,10.8175,9.75,9,8.572,10.71,4.982
JT25_RS15830,6.17,6.282,8.018,4.554,20.15,3.588
JT25_RS15835,22.27,17.814,23.554,16.32,16.4825,11.104
JT25_RS15840,9.5725,13.124,7.486,5.508,15.9825,4.042
JT25_RS15845,10.1875,9.196,10.448,9.478,24.2025,11.962
JT25_RS15850,30.55,34.832,41.58,33.812,74.3875,63.522
JT25_RS15855,58.705,45.574,72.798,51.42,67.1,241.436
JT25_RS15860,19.23,18.24,22.558,21.344,20.095,21.094
JT25_RS15865,262.195,175.936,178.12,153.458,110.0975,140.224
JT25_RS15870,14.3325,10.168,12.104,8.752,9.09,10.354
JT25_RS15875,426.0525,379.398,524.428,385.948,344.87,780.098
JT25_RS15880,259.9175,286.798,296.932,261.054,306.275,314.338
JT25_RS15885,35.6875,44.964,44.82,45.396,34.2475,33.85
JT25_RS15890,227.685,176.358,128.57,108.964,60.9075,80.848
JT25_RS15895,197.98,147.07,137.936,93.364,61.7125,71.186
JT25_RS15900,492.37,321.96,311.494,197.448,132.2925,102.622
JT25_RS15905,103.85,72.262,64.604,43.722,50.4075,9.346
JT25_RS15910,61.62,43.554,37.994,21.108,14.035,8.71
JT25_RS15915,66.4025,43.532,33.174,21.992,19.45,9.946
JT25_RS15920,317.0725,157.438,121.452,92.732,58.885,40.502
JT25_RS15925,51.9,30.758,19.926,11.14,17.67,8.124
JT25_RS15930,57.175,44.564,41.774,26.906,23.415,14.718
JT25_RS15935,90.9325,69.974,62.356,43.974,34.6075,19.306
JT25_RS15940,312.7175,255.578,220.978,158.612,107.115,60.37
JT25_RS15945,148.215,119.018,95.882,65.45,35.5875,37.636
JT25_RS15950,785.565,643.086,706.62,718.364,587.6425,64.978
JT25_RS15955,377.26,375.726,411.18,396.902,326.09,138.758
JT25_RS15960,474.59,527.86,633.852,522.758,563.965,545.38
JT25_RS15965,313.5075,314.54,395.184,364.65,381.4925,550.268
JT25_RS15970,317.3125,389.606,399.2,449.73,378.4175,780.692
JT25_RS15975,437.0975,339.984,275.374,255.352,165.76,245.708
JT25_RS15980,91.72,75.098,45.482,44.174,28.9025,19.6
JT25_RS15985,71.395,72.91,56.53,67.024,49.72,16.966
JT25_RS15990,263.2575,188.77,188.626,165.74,106.15,56.362
JT25_RS15995,529.2525,376.306,529.95,266.932,262.3525,248.47
JT25_RS16000,42.205,55.634,51.16,60.12,45.52,37.072
JT25_RS16005,80.24,97.644,117.906,115.976,228.9075,126.158
JT25_RS16010,96.715,95.974,122.362,68.298,67,91.676
JT25_RS16015,49.9575,52.704,55.286,39.93,52.1,13.946
JT25_RS16020,31.235,36.39,29.862,21.054,19.25,7.58
JT25_RS16025,43.13,49.992,56.316,47.924,46.735,43.168
JT25_RS16030,35.425,43.236,42.154,34.652,68.785,16.17
JT25_RS16035,85.5825,61.344,57.518,39.088,45.515,14.278
JT25_RS16040,44.905,46.468,37.42,28.938,41.2975,9.194
JT25_RS16045,182.225,99.042,103.884,71.032,82.6825,27.018
JT25_RS16050,130.6425,80.234,78.042,57.528,37.7125,26.784
JT25_RS16055,157.1125,108.74,104.972,83.884,72.545,89.238
JT25_RS16060,102.6475,85.838,86.674,87.21,78.0975,38.57
JT25_RS16065,64.09,47.134,66.172,43.118,974.4025,61.25
JT25_RS16070,10.09,9.536,11.826,8.744,25.9975,10.434
JT25_RS16075,183.1825,118.788,114.614,82.428,14148.245,82.972
JT25_RS16080,52.06,58.76,44.158,42.842,128.985,20.634
JT25_RS16085,250.95,225.73,179.538,184.982,130.98,188.47
JT25_RS16090,21.135,20.116,23.59,27.264,30.2975,13.296
JT25_RS16095,13.5875,13.222,13.786,8.532,14.4625,7.698
JT25_RS16100,18.54,16.328,16.99,13.51,107.0475,5.29
JT25_RS16105,21.235,17.146,23.334,16.982,28.3475,19.1
JT25_RS16110,10.68,13.802,20.104,11.786,12.76,8.938
JT25_RS16115,15.995,16.504,22.784,17.324,40.1325,9.456
JT25_RS16120,469.95,466.726,332.758,331.84,226.0075,161.414
JT25_RS16125,729.1075,644.04,438.824,369.378,283.72,167.002
JT25_RS16130,116,92.374,113.17,85.69,113.47,148.15
JT25_RS16135,26.295,15.35,19.22,11.432,69.255,9.25
JT25_RS16140,17.785,15.544,15.012,10.708,45.7175,6.83
JT25_RS16145,29.0675,30.896,27.556,20.04,18.775,16.806
JT25_RS16150,99.3225,66.782,96.324,64.686,58.87,49.852
JT25_RS16155,59.0125,56.254,80.148,57.25,58.93,112.046
JT25_RS16160,53.4975,52.134,66.508,41.608,41.7025,52.47
JT25_RS16165,33.71,32.922,33.134,21.146,13.2575,22.362
JT25_RS16170,353.875,335.53,363.264,267.066,238.385,191.112
JT25_RS16175,196.0625,168.928,199.168,124.81,89.4275,91.352
JT25_RS16180,86.46,60.364,53.792,37.426,27.9575,20.536
JT25_RS16190,504.475,341.324,323.388,311.33,164.2225,328.608
JT25_RS16195,1151.5025,687.618,718.284,616.392,363.42,916.942
JT25_RS16200,1174.895,985.962,1058.416,881.874,668.635,574.05
JT25_RS16205,221.7275,204.048,272.206,206.614,183.7425,1078.138
JT25_RS16210,1067.5675,1720.85,1848.626,2688.874,1955.2325,3853.016
JT25_RS16225,100.1325,86.298,77.488,54.488,35.3775,46.922
JT25_RS16235,147.745,133.348,106.764,89.116,69.3075,92.812
JT25_RS16240,94.55,94.03,85.806,68.494,56.79,176.196
JT25_RS16245,49.865,41.432,34.384,25.158,23.8975,17.458
JT25_RS16250,48.395,31.522,33.228,23.77,18.29,9.112
JT25_RS16255,58.675,40.188,40.332,23.582,25.635,9.356
JT25_RS16260,146.79,151.438,112.98,107.278,78.3775,25.272
JT25_RS16275,17.185,13.258,17.024,11.522,17.355,10.974
JT25_RS16280,21.4275,22.07,22.304,16.194,29.09,15.596
JT25_RS16285,9.205,12.146,12.2,7.98,31.71,6.216
JT25_RS16290,12.79,11.432,12.474,8.48,88.1475,4.372
JT25_RS16295,14.2975,13.27,16.152,10.596,26.3225,7.548
JT25_RS16300,17.9425,22.042,19.882,10.924,43.5925,7.836
JT25_RS16305,21.2075,21.146,26.958,18.994,48.84,14.75
JT25_RS16310,18.3625,20.272,19.012,15.21,167.0225,8.904
JT25_RS16315,18.6,20.038,31.276,16.22,23.7425,10.772
JT25_RS16320,11.0475,13.976,17.542,11.274,24.6275,7.838
JT25_RS16325,10.96,18.038,20.644,11.196,94.7025,10.8
JT25_RS16330,13.2125,9.694,19.272,12.2,15.4825,13.242
JT25_RS16335,54.03,55.038,58.226,39.828,60.7625,55.852
JT25_RS16340,8.6,9.182,10.236,7.866,27.4025,5.694
JT25_RS16345,18.5075,21.258,26.3,16.868,32.2025,24.412
JT25_RS16350,10.545,13.226,19.262,9.648,7.855,10.39
JT25_RS16355,15.4775,19.762,34.122,18.992,8.5325,5.08
JT25_RS16360,78.3775,77.072,97.478,62.902,25.505,53.778
JT25_RS16365,46.255,64.984,81.516,56.726,31.245,78.1
JT25_RS16370,45.385,56.32,60.136,43.234,27.04,42.532
JT25_RS16375,160.01,109.244,122.004,85.93,67.505,56.912
JT25_RS16380,154.5625,129.036,176.816,144.008,148.7,176.186
JT25_RS16385,76.96,77.18,88.494,62.966,99.56,173.504
JT25_RS16390,190.375,236.068,199.404,259.132,145.52,78.948
JT25_RS16395,144.985,121.876,148.544,150.734,229.91,154.276
JT25_RS16400,20.13,14.092,12.812,11.764,9.855,7.268
JT25_RS16405,24.865,19.334,15.826,15.218,15.8,7.506
JT25_RS16410,166.445,136.274,135.244,103.54,4903.3775,56.586
JT25_RS16415,62.945,48.84,53.21,39.018,38.09,25.754
JT25_RS16420,24.7875,17.922,18.162,15.044,44.46,22.918
JT25_RS16425,25.8025,32.464,47.484,53.456,88.485,311.028
JT25_RS16430,49.81,39.662,51.668,49.05,68.78,46.502
JT25_RS16435,5.31,7.276,10.11,9.066,73.76,14.05
JT25_RS16440,24.5125,29.576,37.426,25.86,29.75,53.396
JT25_RS16445,25.0125,19.578,20.938,14.382,23.3425,12.996
JT25_RS16450,22.2225,12.804,26.67,21.212,34.02,35.014
JT25_RS16455,4.995,6.352,6.328,6.092,10.495,3.726
JT25_RS16460,42.1625,43.512,47.786,43.544,44.5025,50.928
JT25_RS16465,115.5525,80.076,130.982,74.378,71.575,188.534
JT25_RS16470,15.4725,10.762,9.136,8.258,7.9925,3.212
JT25_RS16475,12.8475,8.128,10.546,9.302,9.1425,9.552
JT25_RS16480,11.7725,20.394,26.018,21.3,21.965,30.272
JT25_RS16485,16.0775,15.408,14.444,11.096,10.4075,8.542
JT25_RS16490,51.865,93.666,119.496,153.346,179.5575,287.868
JT25_RS16495,94.9525,138.662,212.686,242.414,281.44,376.632
JT25_RS16500,33.44,77.778,114.44,139.572,182.3075,158.036
JT25_RS16505,64.7075,141.894,230.898,275.34,340.5925,345.186
JT25_RS16510,27.6225,61.154,111.164,129.676,168.3675,123.762
JT25_RS16515,38.5575,90.158,150.98,155.89,177.5875,129.412
JT25_RS16520,39.6775,63.656,73.532,75.894,64.7075,22.94
JT25_RS16525,37.745,30.772,37.572,26.036,22.645,19.206
JT25_RS16530,6.45,3.466,5.26,3.13,6.9075,2.082
JT25_RS16535,4.33,4.902,5.954,2.554,5.965,1.8
JT25_RS16540,7.3475,9.958,11.792,6.362,19.7025,4.252
JT25_RS16545,9.3475,5.608,7.368,4.402,25.845,4.056
JT25_RS16550,5.0075,4.996,5.268,4,13.6175,4.022
JT25_RS16555,2.5475,2.042,1.854,1.79,11.34,1.46
JT25_RS16560,6.785,6.84,8.412,6.918,68.82,8.112
JT25_RS16565,4.3525,2.64,4.316,4.502,29.415,4.44
JT25_RS16570,18.3375,25.904,37.188,27.444,31.51,30.394
JT25_RS16575,15.175,22.238,23.036,16.642,27.6525,15.438
JT25_RS16580,15.28,15.118,17.796,10.79,39.0375,5.732
JT25_RS16585,37.9125,29.414,43.214,35.916,51.42,69.558
JT25_RS16590,71.8475,61.494,114.602,91.898,139.6525,372.384
JT25_RS16595,103.7225,79.404,80.45,79.364,125.6325,220.392
JT25_RS16600,27.6825,23.552,23.326,23.57,36.075,49.806
JT25_RS16605,128.43,78.35,67.3,55.02,39.3925,36.874
JT25_RS16610,20.6775,14.272,24.824,20.69,549.115,101.886
JT25_RS16620,11.22,17.304,19.892,18.492,18.64,18.5
JT25_RS16625,6.21,7.744,10.65,10.868,10.03,6.876
JT25_RS16630,4.175,5.132,6.098,4.692,7.035,6.474
JT25_RS16635,5.08,4.59,6.074,8.406,6.6125,4.67
JT25_RS16640,26.515,17.05,18.942,11.662,11.8775,8.75
JT25_RS16645,19.8425,17.254,19.182,13.304,15.135,9.852
JT25_RS16650,35.9725,25.982,26.876,20.352,35.3375,11.654
JT25_RS16655,74.2675,47.528,64.09,41.142,38.9825,75.862
JT25_RS16660,26.9925,23.85,26.52,23.056,54.325,23.228
JT25_RS16665,16.1775,14.336,18,12.352,25.61,49.204
JT25_RS16670,13.4875,42.862,19.646,11.52,16.775,19.466
JT25_RS16675,42.0325,47.658,35.522,41.064,40.7975,37.238
JT25_RS16680,4.8575,7.376,6.706,4.2,38.47,4.538
JT25_RS16685,8.945,6.61,8.594,17.922,42.1225,19.52
JT25_RS16690,4.5125,3.782,4.594,4.36,11.3425,5.096
JT25_RS16695,2.935,1.296,2.068,1.93,9.5175,5.336
JT25_RS16700,6.585,3.824,7.174,6.8,43.945,16.422
JT25_RS16705,10.0175,8.502,13.674,9.676,15.9975,12.476
JT25_RS16710,8.74,9.992,12.552,9.016,100.11,12.814
JT25_RS16715,22.7125,9.876,11.856,8.84,37.525,10.268
JT25_RS16720,18.9025,10.572,13.188,12.66,26.16,14.384
JT25_RS16725,52.09,48.142,60.272,59.368,162.4,101.708
JT25_RS16730,93.65,169.404,183.962,221.034,228.9175,1647.682
JT25_RS16735,14.975,20.07,18.088,11.154,31.3525,13.284
JT25_RS16740,16.1,14.29,16.444,10.428,21.46,11.788
JT25_RS16745,22.3,15.666,21.502,11.844,17.255,13.74
JT25_RS16750,21.7825,32.886,21.65,19.988,18.7375,9.928
JT25_RS16755,71.365,57.894,63.286,40.714,81.5275,16.368
JT25_RS16760,25.8625,23.198,31.96,22.734,20.62,24.278
JT25_RS16765,12.4375,19.662,19.556,16.1,19.165,24.62
JT25_RS16770,10.3025,13.44,16.478,11.298,39.24,21.704
JT25_RS16775,13.88,9.836,13.992,13.962,49.8,15.748
JT25_RS16780,20,21.798,14.84,18.714,17.54,13.176
JT25_RS16785,58.6425,57.902,48.46,50.01,48.815,30.802
JT25_RS16790,91.265,176.908,164.994,218.574,139.32,87.278
JT25_RS16795,6.98,6.102,10.23,8.536,11.5375,5.798
JT25_RS16800,6.8575,6.768,9.718,8.052,59.49,5.878
JT25_RS16805,2.535,2.146,3.948,3.21,7.93,2.58
JT25_RS16810,3.4525,3.004,3.576,3.186,9.67,4.656
JT25_RS16815,1.515,1.022,1.586,1.53,12.93,3.526
JT25_RS16825,1.405,2.07,2.782,2.508,6.115,5.462
JT25_RS16830,13.195,12.444,14.458,17.054,14.2075,28.962
JT25_RS16835,1.09,1.902,1.962,1.16,13.665,2.576
JT25_RS16840,2.2125,2.628,3.662,2.72,6.2475,3.206
JT25_RS16845,22.925,24.99,36.936,33.078,24.4925,22.2
JT25_RS16850,35.5325,50.902,43.092,48.51,34.17,15.268
JT25_RS16860,10.05,7.45,8.92,6.186,4.67,5.09
JT25_RS16865,16.1725,9.92,12.424,7.902,9.6825,7.848
JT25_RS16870,122.9025,81.212,62.788,50.01,23.8275,50.718
JT25_RS16875,148.1375,96.53,84.004,49.382,47.3375,37.736
JT25_RS16880,81.3325,60.23,57.726,41.622,21.0325,39.642
JT25_RS16885,350.9425,227.936,197.398,154.97,65.555,96.842
JT25_RS16890,1019.9475,736.428,696.02,546.518,330.9025,238.124
JT25_RS16895,52.825,58.586,51.778,40.264,40.2025,32.444
JT25_RS16900,33.6975,26.29,21.538,15.566,16.8575,5.498
JT25_RS16905,59.2775,38.046,34.64,22.536,18.2725,15.564
JT25_RS16910,44.62,34.04,36.572,27.18,23.03,24.328
JT25_RS16915,59.2975,48.13,51.766,40.788,32.4225,61.396
JT25_RS16920,34.53,29.182,25.22,21.816,12.5525,25.06
JT25_RS16925,102.5475,50.51,67.138,39.548,37.7325,48.928
JT25_RS16930,62.5075,36.746,55.654,42.008,49.99,38.254
JT25_RS16935,38.6625,40.084,33.736,26.57,44.835,23.738
JT25_RS16940,64.945,59.348,60.91,42.964,34.4325,38.52
JT25_RS16945,47.355,45.126,36.676,27.542,191.95,21.854
JT25_RS16950,111.765,67.542,90.722,48.566,51.985,28.546
JT25_RS16955,43.335,41.892,39.752,29.32,37.3975,14.19
JT25_RS16960,127.49,103.35,114.518,114.388,129.5575,275.238
JT25_RS16965,48.4875,36.17,43.06,36.178,35.7925,46.058
JT25_RS19160,7.0775,5.628,4.53,2.876,153.2725,1.722
JT25_RS19165,8.965,4.262,5.55,4.634,113.67,8.712
JT25_RS19170,8.8425,8.452,15.108,13.842,613.665,5.298
JT25_RS19180,5.54,5.944,2.926,3.778,93.7975,2.726
JT25_RS19185,2.095,7.258,2.192,2.036,62.4575,3.278
JT25_RS19190,4.0125,2.944,3.656,3.726,100.7625,3.136
JT25_RS19195,9.375,10.476,13.168,10.176,218.4125,8.618
JT25_RS19200,73.1325,46.268,52.118,33.27,368.645,10.888
JT25_RS19210,103.5575,107.982,63.776,66.022,193.3675,18.852
JT25_RS19215,130.6425,243.35,232.834,214.532,105.69,48.884
JT25_RS19220,158.5025,182.428,174.496,189.956,134.785,98.43
JT25_RS19225,17.3325,17.516,19.232,15.908,48.235,10.908
JT25_RS19235,10.8825,13.31,16.366,21.968,27.1825,9.784
JT25_RS19240,5.7225,9.598,17.8,25.492,38.5575,99.738
JT25_RS19245,54.295,85.62,213.916,201.37,444.9025,1148.306
JT25_RS19250,11.17,22.52,45.88,68.274,128.5175,206.352
JT25_RS19255,17.445,34.106,66.366,93.232,119.185,198.544
JT25_RS19260,15.6225,38.794,68.422,105.21,119.965,128.598
JT25_RS19265,14.6375,16.45,49.104,65.462,73.4525,43.276
JT25_RS19280,242.6625,261.136,353.038,244.396,183.58,135.702
JT25_RS19285,349.705,414.766,338.604,296.524,148.5075,98.42
JT25_RS19290,322.3325,269.04,285.938,222.05,122.11,75.922
JT25_RS19300,11.195,7.382,7.342,5.318,110.975,4.298
JT25_RS19305,5.9075,3.422,4.14,2.908,36.5525,2.234
JT25_RS19310,7.27,6.802,8.008,4.542,18.615,7.914
JT25_RS19330,45.99,44.2,47.35,32.902,127.94,21.852
JT25_RS19335,192.31,163.084,179.428,163.872,248.015,163.366
JT25_RS19340,38.6225,20.754,18.722,12.438,13.8325,8.06
JT25_RS19345,4563.36,2260.416,2821.306,1708.01,980.715,969.806
JT25_RS19350,2495.8975,1866.068,1265.162,1234.734,521.1875,818.318
JT25_RS19355,51.41,47.712,59.854,52.836,67.54,33.104
JT25_RS19360,25.1925,26.062,31.016,23.808,36.7975,17.666
JT25_RS19365,28.42,23.016,30.272,24.018,17.1925,17.11
JT25_RS19370,48.8375,30.82,33.41,22.744,17.68,14.508
JT25_RS19375,60.2575,45.57,37.864,27.122,17.0475,9.638
JT25_RS19380,51.2875,40.196,37.526,28.16,19.31,25.342
JT25_RS19385,139.3525,133.546,126.742,96.894,92.615,94.408
JT25_RS19390,28.5925,27.082,32.176,24.03,24.2825,21.532
JT25_RS19395,36.2125,30.114,44.262,24.19,21.4025,21.818
JT25_RS19400,21.41,25.718,28.212,21.85,17.575,16.648
JT25_RS19405,27.285,26.866,27.526,16.278,18.7325,4.766
JT25_RS19410,51.6075,44.888,52.088,32.17,27.79,28.268
JT25_RS19415,161.01,100.174,49.374,30.65,20.9075,17.176
JT25_RS19420,129.0875,135.698,47.662,25.796,20.8575,21.77
JT25_RS19425,221.0575,255.966,97.256,44.338,41.175,42.654
JT25_RS19430,189.5175,205.34,93.28,63.028,52.3475,74.468
JT25_RS19435,55.1375,41.436,51.88,37.054,50.84,29.7
JT25_RS19440,33.5925,32.82,30.812,27.346,33.9875,7.608
JT25_RS19445,31.9725,41.182,37.474,37.178,39.5925,24.326
JT25_RS19450,23.9275,34.246,42.622,41.376,57.725,45.568
JT25_RS19455,46.2375,53.616,62.458,61.688,58.485,64.47
JT25_RS19460,1779.8625,1704.576,1822.56,1100.508,884.6325,1624.774
JT25_RS19465,88.12,87.634,44.084,48.218,23.105,42.228
JT25_RS19470,6.0325,3.438,5.952,5.724,7.5275,4.442
JT25_RS19475,5.6725,4.618,5.496,7.978,18.1225,5.776
JT25_RS19485,31.7175,37.068,36.678,34.7,29.375,21.704
JT25_RS19500,159.975,169.7,201.152,239.392,223.955,279.448
JT25_RS19505,84.635,96.996,93.106,97.578,77.05,113.1
JT25_RS19510,231.385,236.788,323.342,250.714,249.7225,306.816
JT25_RS19515,89.315,105.352,112.192,114.344,93.685,82.256
JT25_RS19520,66.655,76.064,98.618,82.362,89.0875,66.494
JT25_RS19525,37.0225,64.954,70.308,60.192,81.97,178.06
JT25_RS19530,131.8875,150.198,158.68,170.684,151.3625,160.684
JT25_RS19535,73.36,77.752,89.7,90.082,71.865,57.878
JT25_RS19540,72.5475,59.29,77.766,53.554,89.6575,35.038
JT25_RS19545,152.585,116.074,123.352,71.47,179.265,68.614
JT25_RS19550,113.8975,115.408,99.642,92.202,66.81,107.092
JT25_RS19555,75.9825,71.996,82.63,72.26,73.48,53.776
JT25_RS19560,75.0875,65.454,82.268,51.222,45.0925,38.59
JT25_RS19565,27.1625,30.17,33.27,24.338,39.125,15.866
JT25_RS19570,71.015,72.41,66.82,54.01,53.76,48.304
JT25_RS19575,45.445,36.146,27.594,20.68,25.8475,9.102
JT25_RS23235,2.0975,1.492,2.86,2.11,17.3075,1.76
JT25_RS23240,1.72,1.746,2.416,2.718,24.295,4.516
JT25_RS23245,7.2725,7.582,7.004,10.142,8.7925,10.04
JT25_RS23250,3.855,3.226,5.682,4.906,20.7875,4.516
JT25_RS23255,11.91,16.668,12.154,10.936,22.0975,5.436
JT25_RS23260,8.365,9.048,9.706,7.282,16.1125,8.252
JT25_RS23265,7.2425,6,7.276,6.536,19.68,4.428
JT25_RS23270,15.2025,18.424,17.818,22.092,20.03,64.612
JT25_RS23275,135.305,75.6,180.118,122.232,155.48,1077.784
JT25_RS23280,1.185,0.924,1.112,1.524,4.8225,1.988
JT25_RS23285,1.73,0.692,2.11,1.972,8.7925,2.626
JT25_RS23290,4.18,2.772,4.976,4.096,12.9775,9.482
JT25_RS23305,15.7525,19.05,18.156,12.88,27.59,7.78
JT25_RS23310,6.4075,4.4,6.086,3.198,6.415,1.786
JT25_RS23315,13.1175,11.964,20.12,15.74,15.8075,13.14
JT25_RS23320,9.105,10.192,12.838,8.936,9.0475,11.816
JT25_RS23325,25.3375,24.798,18.406,19.116,16.65,14.212
JT25_RS23330,251.6875,243.322,384.19,290.728,214.2175,166.12
JT25_RS23340,165.4825,171.708,149.11,166.924,87.9775,65.202
JT25_RS23345,416.9775,313.912,442.34,277.604,227.45,202.362
JT25_RS23350,145.105,86.232,76.874,41.992,25.7275,34.096
JT25_RS23355,163.5675,84.43,65.288,50.964,18.3875,46.076
JT25_RS23360,929.7775,698.612,490.094,456.81,162.6375,264.158
JT25_RS23365,764.5225,712.94,459.798,409.482,172.36,178.382
JT25_RS23370,487.1825,356.826,406.04,301.08,250.66,86.166
JT25_RS23375,350.91,329.59,307.678,241.108,164.055,213.996
JT25_RS23385,440.37,485.298,531.064,251.936,178.9,1095.184
JT25_RS23390,25.23,24.742,39.052,31.854,24.755,28.85
JT25_RS23395,44.85,48.626,51.934,28.492,28.26,15.53
JT25_RS23400,17.645,14.248,14.87,12.172,9.95,9.816
JT25_RS23405,52.795,45.496,53.114,37.518,29,41.818
JT25_RS23415,19.53,21.844,28.984,26.096,37.0925,119.078
JT25_RS23420,21.025,21.124,29.37,24.254,28.165,51.84
JT25_RS23425,8.005,6.904,6.344,4.028,4.0275,3.316
JT25_RS23430,3.3025,4.324,3.674,2.804,3.6475,2.71
JT25_RS23435,2.0725,1.716,3.184,2.224,4.105,4.156
JT25_RS23440,2.02,1.882,1.602,1.026,4.6525,1.646
JT25_RS23445,1.7175,1.16,2.022,0.978,3.4,0.962
JT25_RS23450,1.8025,0.906,1.49,1.112,53.88,1.052
JT25_RS23455,0.955,0.648,0.764,0.864,0.9075,0.898
JT25_RS23460,1.4125,0.67,1.166,0.746,2.06,0.996
JT25_RS23465,3.6275,2.56,3.438,2.16,4.1525,3.252
JT25_RS23470,2.515,3.476,3.038,2.488,6.54,3.138
JT25_RS23475,1.805,1.946,2.21,2.13,7.535,2.876
JT25_RS23480,11.3675,12.744,16.046,11.476,40.77,18.014
JT25_RS23485,58.805,57.92,65.664,68.422,50.095,74.934
JT25_RS23490,57.4925,57.644,65.574,50.65,91.23,41.652
JT25_RS23495,2059.9375,1518.906,1578.994,1381.228,1049.65,1692.176
JT25_RS23500,101.475,112.622,107.804,104.072,154.8125,357.974
JT25_RS23505,37.595,28.708,30.466,20.202,22.6625,35.74
JT25_RS23510,135.54,125.532,165.94,116.678,122.1075,100.91
JT25_RS23515,54.035,58.152,86.238,74.498,89.165,220.514
JT25_RS23530,6.89,4.046,6.036,3.2,2.9575,2.872
JT25_RS23535,8.36,5.59,5.318,5.098,3.21,2.754
JT25_RS23540,12.94,12.556,10.226,8.928,4.6875,1.944
JT25_RS23545,19.3,17.616,17.876,15.39,15.7975,21.34
JT25_RS23550,14.6925,11.028,12.336,9.272,7.345,11.12
JT25_RS23555,15.61,15.29,19.38,15.206,28.3675,14.072
JT25_RS23570,12.0925,16.996,12.388,10.462,17.77,19.106
JT25_RS23575,14.41,9.212,7.866,6.562,6.78,4.292
JT25_RS23580,6.7575,4.99,4.482,3.738,4.805,3.742
JT25_RS23585,6.06,4.798,3.786,3.42,5.4725,3.572
JT25_RS23590,6.1725,5.518,6.55,4.442,11.2425,2.706
JT25_RS23595,8.4875,7.376,5.252,4.142,5.025,2.838
JT25_RS23600,7.3025,4.864,3.982,3.002,4.0475,1.524
JT25_RS23605,7.21,4.126,3.784,2.102,3.625,2.132
JT25_RS23610,4.9775,3.732,3.438,1.912,3.515,2.806
JT25_RS23615,4.8525,4.908,3.812,1.718,2.4275,2.71
JT25_RS23620,8.6925,3.732,5.09,2.988,3.9325,4.41
JT25_RS23625,38.425,18.27,18.244,24.548,20.5325,20.788
JT25_RS23725,124.28,155.082,162.862,182.918,128.0525,29.392
JT25_RS23730,13.8375,19.382,27.856,20.324,42.2,13.072
JT25_RS23810,45.84,48.652,31.4,32.548,12.1675,123.948
JT25_RS23815,133.5,83.48,50.18,44.154,31.21,136.728
JT25_RS23820,40.3625,47.702,34.812,23.356,21.87,6.788
JT25_RS23825,68.11,53.892,44.76,36.482,23.66,14.422
JT25_RS23835,37.44,36.984,37.476,35.622,43.1075,30.58
JT25_RS23840,46.4225,39.124,40.61,32.922,28.8975,33.064
JT25_RS23845,33.445,17.18,27.328,19.618,38.4775,15.976
JT25_RS24070,1414.7,998.686,793.162,709.848,370.4225,316.684
JT25_RS24075,979.06,764.426,495.976,595.048,273.89,128.906
JT25_RS24080,6412.82,3179.88,2772.342,1995.724,1089.7975,427.572
JT25_RS24085,7.7875,3.976,7.768,6.388,14.5075,15.486
JT25_RS24095,64.1175,40.936,58.994,34.622,159.9675,10.182
JT25_RS24100,96.4075,138.154,85.476,45.114,60.7475,100.004
JT25_RS24110,12.8925,3.954,5.77,5.272,26.7825,2.318
JT25_RS24115,21.845,8.974,5.376,4.412,20.7675,3.388
JT25_RS24120,862.025,1587.85,907.018,590.686,431.21,475.508
JT25_RS24130,1.1125,1.848,3.474,2.818,5.7475,5.184
JT25_RS24135,60.895,51.446,45.676,30.906,24.03,20.196
JT25_RS24140,2013.855,1575.706,1296.566,1023.408,477.995,274.378
JT25_RS24240,67.6625,61.078,79.192,56.788,44.2825,45.594
JT25_RS24245,126.28,89.784,84.29,63.172,279.895,20.356
JT25_RS24250,46.63,42.438,48.154,35.246,97.3025,32.752
JT25_RS24360,6.99,4.238,6.244,5.922,49.255,4.612
JT25_RS24365,10.2775,11.82,12.462,8.998,39.4775,5.538
JT25_RS24370,37.7575,34.888,38.708,32.988,24.9675,28.952
JT25_RS24375,48.0075,39.432,43.632,30.666,353.5475,28.88
JT25_RS24380,13.68,8.164,8.016,10.078,31.9225,14.612
JT25_RS24385,83.06,76.598,77.97,81.532,50.8225,34.724
JT25_RS24390,30.43,49.23,35.706,85.798,364.5,129.704
JT25_RS24445,10.6025,9.494,12.642,10.984,19.1475,5.714
JT25_RS24450,239.8525,173.164,151.082,129.872,71.2525,76.148
JT25_RS24530,102.1675,92.116,78.666,76.692,47.6025,22.604
JT25_RS24535,291.275,360.394,358.77,222.932,202.4275,102.606
JT25_RS24540,18.915,13.892,17.718,10.704,21.105,17.854
JT25_RS24545,132.2275,227.924,315.644,98.13,84.945,29.712
JT25_RS24550,202.78,382.476,468.976,162.324,95.91,37.156
JT25_RS24555,572.0975,850.534,969.274,298.412,161.885,59.284
JT25_RS24560,27.3925,26.982,24.922,31.774,28.88,23.082
JT25_RS24565,9.8275,10.864,6.986,6.772,7.3875,3.14
JT25_RS24760,3.6725,5.888,9.082,3.92,22.91,11.91
JT25_RS24765,91.705,87.51,68.64,76.182,63.2425,33.562
JT25_RS24770,12.6175,26.302,24.158,21.978,105.7825,29.088
JT25_RS24775,132.2425,95.908,42.77,62.596,23.6525,117.38
JT25_RS24780,64.95,54.694,49.86,45.52,65.18,67.728
JT25_RS24785,148.83,236.352,209.926,246.602,166.6225,101.416
JT25_RS24790,23.3575,13.242,23.374,17.626,28.525,6.214
JT25_RS24795,8.12,5.428,12.02,4.424,7.3875,2.05
JT25_RS24825,6.2775,5.61,8.716,11.738,421.7625,7.624
JT25_RS24830,9.925,10.746,10,8.08,311.3425,5.658
JT25_RS24835,143.1925,108.274,94.264,50.07,152.7225,24.082
JT25_RS24840,626.145,498.068,545.568,380.838,210.855,112.3
